concentration,time to catastrophe (s)
7 uM,35.0
7 uM,45.0
7 uM,50.0
7 uM,50.0
7 uM,55.0
7 uM,55.0
7 uM,55.0
7 uM,55.0
7 uM,55.0
7 uM,60.0
7 uM,60.0
7 uM,60.0
7 uM,60.0
7 uM,65.0
7 uM,65.0
7 uM,70.0
7 uM,70.0
7 uM,70.0
7 uM,70.0
7 uM,70.0
7 uM,75.0
7 uM,75.0
7 uM,75.0
7 uM,75.0
7 uM,80.0
7 uM,80.0
7 uM,80.0
7 uM,80.0
7 uM,80.0
7 uM,80.0
7 uM,85.0
7 uM,85.0
7 uM,85.0
7 uM,85.0
7 uM,85.0
7 uM,85.0
7 uM,90.0
7 uM,90.0
7 uM,90.0
7 uM,90.0
7 uM,95.0
7 uM,95.0
7 uM,95.0
7 uM,95.0
7 uM,95.0
7 uM,95.0
7 uM,95.0
7 uM,95.0
7 uM,100.0
7 uM,100.0
7 uM,100.0
7 uM,100.0
7 uM,105.0
7 uM,105.0
7 uM,105.0
7 uM,105.0
7 uM,105.0
7 uM,105.0
7 uM,105.0
7 uM,105.0
7 uM,105.0
7 uM,105.0
7 uM,110.0
7 uM,110.0
7 uM,110.0
7 uM,110.0
7 uM,110.0
7 uM,110.0
7 uM,110.0
7 uM,110.0
7 uM,110.0
7 uM,115.0
7 uM,115.0
7 uM,115.0
7 uM,115.0
7 uM,115.0
7 uM,115.0
7 uM,115.0
7 uM,115.0
7 uM,115.0
7 uM,115.0
7 uM,115.0
7 uM,120.0
7 uM,120.0
7 uM,120.0
7 uM,120.0
7 uM,120.0
7 uM,120.0
7 uM,120.0
7 uM,120.0
7 uM,125.0
7 uM,125.0
7 uM,125.0
7 uM,125.0
7 uM,125.0
7 uM,125.0
7 uM,125.0
7 uM,130.0
7 uM,130.0
7 uM,130.0
7 uM,130.0
7 uM,130.0
7 uM,130.0
7 uM,130.0
7 uM,130.0
7 uM,135.0
7 uM,135.0
7 uM,135.0
7 uM,135.0
7 uM,135.0
7 uM,135.0
7 uM,135.0
7 uM,135.0
7 uM,140.0
7 uM,140.0
7 uM,140.0
7 uM,140.0
7 uM,140.0
7 uM,140.0
7 uM,140.0
7 uM,145.0
7 uM,145.0
7 uM,145.0
7 uM,145.0
7 uM,145.0
7 uM,145.0
7 uM,145.0
7 uM,145.0
7 uM,150.0
7 uM,150.0
7 uM,150.0
7 uM,150.0
7 uM,150.0
7 uM,150.0
7 uM,150.0
7 uM,150.0
7 uM,155.0
7 uM,155.0
7 uM,155.0
7 uM,155.0
7 uM,155.0
7 uM,160.0
7 uM,160.0
7 uM,160.0
7 uM,160.0
7 uM,160.0
7 uM,160.0
7 uM,160.0
7 uM,160.0
7 uM,160.0
7 uM,160.0
7 uM,165.0
7 uM,165.0
7 uM,165.0
7 uM,165.0
7 uM,165.0
7 uM,165.0
7 uM,165.0
7 uM,165.0
7 uM,165.0
7 uM,170.0
7 uM,170.0
7 uM,170.0
7 uM,170.0
7 uM,170.0
7 uM,170.0
7 uM,170.0
7 uM,170.0
7 uM,170.0
7 uM,170.0
7 uM,170.0
7 uM,175.0
7 uM,175.0
7 uM,175.0
7 uM,175.0
7 uM,175.0
7 uM,175.0
7 uM,180.0
7 uM,180.0
7 uM,180.0
7 uM,180.0
7 uM,180.0
7 uM,180.0
7 uM,180.0
7 uM,180.0
7 uM,180.0
7 uM,180.0
7 uM,180.0
7 uM,180.0
7 uM,185.0
7 uM,185.0
7 uM,185.0
7 uM,185.0
7 uM,185.0
7 uM,190.0
7 uM,190.0
7 uM,190.0
7 uM,190.0
7 uM,190.0
7 uM,195.0
7 uM,195.0
7 uM,195.0
7 uM,195.0
7 uM,195.0
7 uM,195.0
7 uM,195.0
7 uM,200.0
7 uM,200.0
7 uM,200.0
7 uM,200.0
7 uM,205.0
7 uM,205.0
7 uM,205.0
7 uM,205.0
7 uM,205.0
7 uM,205.0
7 uM,205.0
7 uM,205.0
7 uM,205.0
7 uM,205.0
7 uM,205.0
7 uM,205.0
7 uM,205.0
7 uM,205.0
7 uM,210.0
7 uM,210.0
7 uM,210.0
7 uM,210.0
7 uM,210.0
7 uM,210.0
7 uM,210.0
7 uM,210.0
7 uM,210.0
7 uM,210.0
7 uM,215.0
7 uM,215.0
7 uM,215.0
7 uM,215.0
7 uM,215.0
7 uM,215.0
7 uM,215.0
7 uM,215.0
7 uM,215.0
7 uM,215.0
7 uM,215.0
7 uM,220.0
7 uM,220.0
7 uM,220.0
7 uM,220.0
7 uM,220.0
7 uM,220.0
7 uM,225.0
7 uM,225.0
7 uM,225.0
7 uM,225.0
7 uM,225.0
7 uM,225.0
7 uM,225.0
7 uM,225.0
7 uM,225.0
7 uM,225.0
7 uM,225.0
7 uM,225.0
7 uM,230.0
7 uM,230.0
7 uM,230.0
7 uM,230.0
7 uM,230.0
7 uM,235.0
7 uM,235.0
7 uM,235.0
7 uM,235.0
7 uM,235.0
7 uM,235.0
7 uM,240.0
7 uM,240.0
7 uM,240.0
7 uM,240.0
7 uM,240.0
7 uM,240.0
7 uM,240.0
7 uM,240.0
7 uM,240.0
7 uM,245.0
7 uM,245.0
7 uM,245.0
7 uM,245.0
7 uM,245.0
7 uM,245.0
7 uM,245.0
7 uM,245.0
7 uM,245.0
7 uM,250.0
7 uM,250.0
7 uM,250.0
7 uM,250.0
7 uM,250.0
7 uM,255.0
7 uM,255.0
7 uM,255.0
7 uM,255.0
7 uM,255.0
7 uM,255.0
7 uM,260.0
7 uM,260.0
7 uM,260.0
7 uM,260.0
7 uM,265.0
7 uM,265.0
7 uM,265.0
7 uM,265.0
7 uM,265.0
7 uM,265.0
7 uM,265.0
7 uM,265.0
7 uM,265.0
7 uM,270.0
7 uM,270.0
7 uM,270.0
7 uM,270.0
7 uM,270.0
7 uM,270.0
7 uM,270.0
7 uM,275.0
7 uM,275.0
7 uM,275.0
7 uM,275.0
7 uM,275.0
7 uM,275.0
7 uM,280.0
7 uM,280.0
7 uM,280.0
7 uM,280.0
7 uM,285.0
7 uM,285.0
7 uM,285.0
7 uM,285.0
7 uM,285.0
7 uM,290.0
7 uM,290.0
7 uM,290.0
7 uM,290.0
7 uM,290.0
7 uM,295.0
7 uM,295.0
7 uM,295.0
7 uM,295.0
7 uM,295.0
7 uM,295.0
7 uM,295.0
7 uM,295.0
7 uM,295.0
7 uM,300.0
7 uM,300.0
7 uM,300.0
7 uM,305.0
7 uM,305.0
7 uM,305.0
7 uM,305.0
7 uM,305.0
7 uM,305.0
7 uM,305.0
7 uM,310.0
7 uM,310.0
7 uM,310.0
7 uM,310.0
7 uM,310.0
7 uM,315.0
7 uM,315.0
7 uM,315.0
7 uM,315.0
7 uM,315.0
7 uM,315.0
7 uM,315.0
7 uM,315.0
7 uM,320.0
7 uM,320.0
7 uM,325.0
7 uM,330.0
7 uM,335.0
7 uM,335.0
7 uM,340.0
7 uM,340.0
7 uM,340.0
7 uM,340.0
7 uM,340.0
7 uM,340.0
7 uM,340.0
7 uM,340.0
7 uM,345.0
7 uM,345.0
7 uM,345.0
7 uM,345.0
7 uM,345.0
7 uM,345.0
7 uM,350.0
7 uM,350.0
7 uM,355.0
7 uM,355.0
7 uM,360.0
7 uM,360.0
7 uM,360.0
7 uM,360.0
7 uM,360.0
7 uM,360.0
7 uM,365.0
7 uM,365.0
7 uM,365.0
7 uM,370.0
7 uM,370.0
7 uM,370.0
7 uM,370.0
7 uM,370.0
7 uM,375.0
7 uM,375.0
7 uM,375.0
7 uM,375.0
7 uM,375.0
7 uM,375.0
7 uM,380.0
7 uM,380.0
7 uM,385.0
7 uM,385.0
7 uM,385.0
7 uM,390.0
7 uM,390.0
7 uM,390.0
7 uM,395.0
7 uM,395.0
7 uM,400.0
7 uM,405.0
7 uM,405.0
7 uM,410.0
7 uM,410.0
7 uM,410.0
7 uM,410.0
7 uM,410.0
7 uM,410.0
7 uM,410.0
7 uM,415.0
7 uM,415.0
7 uM,420.0
7 uM,420.0
7 uM,420.0
7 uM,425.0
7 uM,430.0
7 uM,430.0
7 uM,430.0
7 uM,435.0
7 uM,435.0
7 uM,435.0
7 uM,435.0
7 uM,440.0
7 uM,440.0
7 uM,440.0
7 uM,440.0
7 uM,440.0
7 uM,440.0
7 uM,445.0
7 uM,445.0
7 uM,445.0
7 uM,450.0
7 uM,450.0
7 uM,450.0
7 uM,450.0
7 uM,450.0
7 uM,450.0
7 uM,455.0
7 uM,455.0
7 uM,460.0
7 uM,460.0
7 uM,460.0
7 uM,460.0
7 uM,465.0
7 uM,470.0
7 uM,470.0
7 uM,475.0
7 uM,475.0
7 uM,480.0
7 uM,480.0
7 uM,485.0
7 uM,490.0
7 uM,490.0
7 uM,495.0
7 uM,500.0
7 uM,500.0
7 uM,505.0
7 uM,510.0
7 uM,515.0
7 uM,520.0
7 uM,520.0
7 uM,525.0
7 uM,525.0
7 uM,525.0
7 uM,525.0
7 uM,525.0
7 uM,530.0
7 uM,530.0
7 uM,530.0
7 uM,530.0
7 uM,535.0
7 uM,535.0
7 uM,535.0
7 uM,535.0
7 uM,535.0
7 uM,535.0
7 uM,540.0
7 uM,540.0
7 uM,545.0
7 uM,545.0
7 uM,555.0
7 uM,555.0
7 uM,555.0
7 uM,555.0
7 uM,555.0
7 uM,555.0
7 uM,560.0
7 uM,565.0
7 uM,565.0
7 uM,565.0
7 uM,570.0
7 uM,570.0
7 uM,575.0
7 uM,575.0
7 uM,575.0
7 uM,585.0
7 uM,585.0
7 uM,590.0
7 uM,590.0
7 uM,590.0
7 uM,595.0
7 uM,600.0
7 uM,605.0
7 uM,605.0
7 uM,605.0
7 uM,610.0
7 uM,610.0
7 uM,615.0
7 uM,615.0
7 uM,615.0
7 uM,620.0
7 uM,620.0
7 uM,620.0
7 uM,620.0
7 uM,625.0
7 uM,625.0
7 uM,630.0
7 uM,635.0
7 uM,645.0
7 uM,650.0
7 uM,650.0
7 uM,650.0
7 uM,650.0
7 uM,650.0
7 uM,660.0
7 uM,660.0
7 uM,660.0
7 uM,660.0
7 uM,670.0
7 uM,670.0
7 uM,675.0
7 uM,680.0
7 uM,680.0
7 uM,680.0
7 uM,680.0
7 uM,685.0
7 uM,690.0
7 uM,695.0
7 uM,695.0
7 uM,695.0
7 uM,695.0
7 uM,710.0
7 uM,715.0
7 uM,720.0
7 uM,725.0
7 uM,730.0
7 uM,730.0
7 uM,730.0
7 uM,735.0
7 uM,735.0
7 uM,740.0
7 uM,750.0
7 uM,750.0
7 uM,780.0
7 uM,780.0
7 uM,785.0
7 uM,795.0
7 uM,800.0
7 uM,800.0
7 uM,815.0
7 uM,825.0
7 uM,825.0
7 uM,830.0
7 uM,830.0
7 uM,850.0
7 uM,855.0
7 uM,910.0
7 uM,915.0
7 uM,930.0
7 uM,940.0
7 uM,950.0
7 uM,1020.0
7 uM,1070.0
7 uM,1195.0
7 uM,1200.0
7 uM,1220.0
7 uM,1225.0
7 uM,1240.0
9 uM,25.0
9 uM,40.0
9 uM,40.0
9 uM,45.0
9 uM,50.0
9 uM,50.0
9 uM,55.0
9 uM,55.0
9 uM,60.0
9 uM,65.0
9 uM,70.0
9 uM,70.0
9 uM,70.0
9 uM,85.0
9 uM,85.0
9 uM,90.0
9 uM,90.0
9 uM,95.0
9 uM,95.0
9 uM,95.0
9 uM,100.0
9 uM,100.0
9 uM,100.0
9 uM,100.0
9 uM,100.0
9 uM,105.0
9 uM,105.0
9 uM,105.0
9 uM,105.0
9 uM,105.0
9 uM,110.0
9 uM,110.0
9 uM,110.0
9 uM,110.0
9 uM,115.0
9 uM,115.0
9 uM,120.0
9 uM,125.0
9 uM,130.0
9 uM,130.0
9 uM,135.0
9 uM,135.0
9 uM,135.0
9 uM,135.0
9 uM,135.0
9 uM,135.0
9 uM,140.0
9 uM,140.0
9 uM,145.0
9 uM,145.0
9 uM,145.0
9 uM,145.0
9 uM,145.0
9 uM,150.0
9 uM,150.0
9 uM,150.0
9 uM,150.0
9 uM,155.0
9 uM,155.0
9 uM,160.0
9 uM,160.0
9 uM,165.0
9 uM,165.0
9 uM,170.0
9 uM,170.0
9 uM,170.0
9 uM,175.0
9 uM,175.0
9 uM,175.0
9 uM,180.0
9 uM,180.0
9 uM,180.0
9 uM,180.0
9 uM,180.0
9 uM,180.0
9 uM,185.0
9 uM,185.0
9 uM,185.0
9 uM,185.0
9 uM,185.0
9 uM,185.0
9 uM,185.0
9 uM,185.0
9 uM,185.0
9 uM,190.0
9 uM,190.0
9 uM,190.0
9 uM,190.0
9 uM,190.0
9 uM,190.0
9 uM,195.0
9 uM,195.0
9 uM,195.0
9 uM,200.0
9 uM,200.0
9 uM,200.0
9 uM,205.0
9 uM,205.0
9 uM,205.0
9 uM,205.0
9 uM,210.0
9 uM,210.0
9 uM,215.0
9 uM,215.0
9 uM,220.0
9 uM,225.0
9 uM,225.0
9 uM,230.0
9 uM,230.0
9 uM,230.0
9 uM,230.0
9 uM,230.0
9 uM,230.0
9 uM,240.0
9 uM,245.0
9 uM,245.0
9 uM,245.0
9 uM,245.0
9 uM,250.0
9 uM,250.0
9 uM,250.0
9 uM,250.0
9 uM,255.0
9 uM,255.0
9 uM,260.0
9 uM,260.0
9 uM,260.0
9 uM,260.0
9 uM,265.0
9 uM,265.0
9 uM,265.0
9 uM,270.0
9 uM,270.0
9 uM,275.0
9 uM,275.0
9 uM,275.0
9 uM,280.0
9 uM,280.0
9 uM,280.0
9 uM,285.0
9 uM,285.0
9 uM,285.0
9 uM,290.0
9 uM,290.0
9 uM,295.0
9 uM,300.0
9 uM,305.0
9 uM,310.0
9 uM,310.0
9 uM,310.0
9 uM,310.0
9 uM,315.0
9 uM,315.0
9 uM,315.0
9 uM,315.0
9 uM,325.0
9 uM,325.0
9 uM,325.0
9 uM,330.0
9 uM,330.0
9 uM,335.0
9 uM,335.0
9 uM,340.0
9 uM,340.0
9 uM,340.0
9 uM,340.0
9 uM,345.0
9 uM,350.0
9 uM,355.0
9 uM,355.0
9 uM,355.0
9 uM,360.0
9 uM,360.0
9 uM,360.0
9 uM,370.0
9 uM,375.0
9 uM,380.0
9 uM,380.0
9 uM,380.0
9 uM,380.0
9 uM,385.0
9 uM,385.0
9 uM,395.0
9 uM,400.0
9 uM,400.0
9 uM,415.0
9 uM,415.0
9 uM,425.0
9 uM,430.0
9 uM,430.0
9 uM,435.0
9 uM,435.0
9 uM,440.0
9 uM,445.0
9 uM,445.0
9 uM,450.0
9 uM,460.0
9 uM,465.0
9 uM,470.0
9 uM,475.0
9 uM,475.0
9 uM,475.0
9 uM,480.0
9 uM,480.0
9 uM,485.0
9 uM,485.0
9 uM,490.0
9 uM,490.0
9 uM,500.0
9 uM,500.0
9 uM,505.0
9 uM,505.0
9 uM,505.0
9 uM,505.0
9 uM,505.0
9 uM,510.0
9 uM,515.0
9 uM,515.0
9 uM,520.0
9 uM,525.0
9 uM,525.0
9 uM,530.0
9 uM,530.0
9 uM,535.0
9 uM,545.0
9 uM,545.0
9 uM,545.0
9 uM,545.0
9 uM,550.0
9 uM,550.0
9 uM,555.0
9 uM,555.0
9 uM,560.0
9 uM,565.0
9 uM,565.0
9 uM,575.0
9 uM,575.0
9 uM,580.0
9 uM,590.0
9 uM,600.0
9 uM,600.0
9 uM,620.0
9 uM,635.0
9 uM,645.0
9 uM,650.0
9 uM,660.0
9 uM,690.0
9 uM,695.0
9 uM,715.0
9 uM,750.0
9 uM,805.0
9 uM,805.0
9 uM,850.0
9 uM,945.0
9 uM,980.0
10 uM,50.0
10 uM,60.0
10 uM,60.0
10 uM,75.0
10 uM,75.0
10 uM,85.0
10 uM,90.0
10 uM,90.0
10 uM,100.0
10 uM,105.0
10 uM,105.0
10 uM,105.0
10 uM,110.0
10 uM,110.0
10 uM,115.0
10 uM,115.0
10 uM,130.0
10 uM,130.0
10 uM,135.0
10 uM,135.0
10 uM,135.0
10 uM,145.0
10 uM,145.0
10 uM,145.0
10 uM,145.0
10 uM,145.0
10 uM,150.0
10 uM,150.0
10 uM,155.0
10 uM,155.0
10 uM,155.0
10 uM,160.0
10 uM,160.0
10 uM,165.0
10 uM,165.0
10 uM,165.0
10 uM,165.0
10 uM,170.0
10 uM,170.0
10 uM,170.0
10 uM,170.0
10 uM,170.0
10 uM,175.0
10 uM,175.0
10 uM,175.0
10 uM,180.0
10 uM,180.0
10 uM,180.0
10 uM,180.0
10 uM,185.0
10 uM,185.0
10 uM,190.0
10 uM,190.0
10 uM,195.0
10 uM,200.0
10 uM,200.0
10 uM,200.0
10 uM,200.0
10 uM,205.0
10 uM,205.0
10 uM,205.0
10 uM,210.0
10 uM,210.0
10 uM,210.0
10 uM,215.0
10 uM,215.0
10 uM,225.0
10 uM,225.0
10 uM,225.0
10 uM,230.0
10 uM,230.0
10 uM,235.0
10 uM,235.0
10 uM,240.0
10 uM,240.0
10 uM,240.0
10 uM,240.0
10 uM,245.0
10 uM,245.0
10 uM,245.0
10 uM,250.0
10 uM,250.0
10 uM,250.0
10 uM,255.0
10 uM,255.0
10 uM,255.0
10 uM,260.0
10 uM,260.0
10 uM,265.0
10 uM,265.0
10 uM,265.0
10 uM,265.0
10 uM,270.0
10 uM,270.0
10 uM,270.0
10 uM,275.0
10 uM,275.0
10 uM,280.0
10 uM,285.0
10 uM,285.0
10 uM,285.0
10 uM,290.0
10 uM,290.0
10 uM,290.0
10 uM,290.0
10 uM,295.0
10 uM,300.0
10 uM,300.0
10 uM,300.0
10 uM,300.0
10 uM,305.0
10 uM,305.0
10 uM,305.0
10 uM,305.0
10 uM,305.0
10 uM,310.0
10 uM,315.0
10 uM,315.0
10 uM,315.0
10 uM,320.0
10 uM,325.0
10 uM,325.0
10 uM,335.0
10 uM,335.0
10 uM,340.0
10 uM,340.0
10 uM,345.0
10 uM,345.0
10 uM,345.0
10 uM,345.0
10 uM,345.0
10 uM,350.0
10 uM,355.0
10 uM,355.0
10 uM,365.0
10 uM,370.0
10 uM,370.0
10 uM,370.0
10 uM,375.0
10 uM,375.0
10 uM,380.0
10 uM,380.0
10 uM,380.0
10 uM,385.0
10 uM,385.0
10 uM,385.0
10 uM,390.0
10 uM,395.0
10 uM,395.0
10 uM,405.0
10 uM,405.0
10 uM,410.0
10 uM,415.0
10 uM,425.0
10 uM,425.0
10 uM,430.0
10 uM,430.0
10 uM,430.0
10 uM,435.0
10 uM,440.0
10 uM,445.0
10 uM,460.0
10 uM,460.0
10 uM,480.0
10 uM,485.0
10 uM,495.0
10 uM,500.0
10 uM,500.0
10 uM,505.0
10 uM,510.0
10 uM,515.0
10 uM,515.0
10 uM,515.0
10 uM,515.0
10 uM,515.0
10 uM,520.0
10 uM,530.0
10 uM,530.0
10 uM,530.0
10 uM,535.0
10 uM,535.0
10 uM,565.0
10 uM,570.0
10 uM,575.0
10 uM,580.0
10 uM,590.0
10 uM,590.0
10 uM,595.0
10 uM,600.0
10 uM,605.0
10 uM,605.0
10 uM,615.0
10 uM,635.0
10 uM,635.0
10 uM,645.0
10 uM,650.0
10 uM,650.0
10 uM,650.0
10 uM,655.0
10 uM,655.0
10 uM,655.0
10 uM,655.0
10 uM,655.0
10 uM,660.0
10 uM,660.0
10 uM,665.0
10 uM,665.0
10 uM,665.0
10 uM,670.0
10 uM,680.0
10 uM,695.0
10 uM,695.0
10 uM,705.0
10 uM,715.0
10 uM,730.0
10 uM,735.0
10 uM,740.0
10 uM,740.0
10 uM,775.0
10 uM,795.0
10 uM,860.0
10 uM,865.0
10 uM,895.0
10 uM,935.0
12 uM,25.0
12 uM,40.0
12 uM,40.0
12 uM,45.429
12 uM,50.0
12 uM,55.0
12 uM,56.386
12 uM,60.0
12 uM,60.0
12 uM,60.0
12 uM,60.0
12 uM,64.075
12 uM,65.0
12 uM,65.0
12 uM,65.0
12 uM,65.0
12 uM,70.0
12 uM,71.764
12 uM,75.0
12 uM,75.0
12 uM,78.903
12 uM,80.0
12 uM,80.0
12 uM,80.0
12 uM,85.0
12 uM,85.0
12 uM,85.0
12 uM,85.0
12 uM,85.0
12 uM,90.0
12 uM,90.0
12 uM,90.0
12 uM,92.268
12 uM,94.831
12 uM,95.0
12 uM,95.0
12 uM,100.0
12 uM,105.0
12 uM,105.0
12 uM,105.0
12 uM,110.0
12 uM,110.0
12 uM,112.772
12 uM,115.0
12 uM,115.0
12 uM,115.0
12 uM,115.0
12 uM,117.159
12 uM,117.159
12 uM,117.898
12 uM,120.0
12 uM,120.0
12 uM,125.0
12 uM,125.0
12 uM,125.0
12 uM,125.0
12 uM,125.0
12 uM,125.587
12 uM,130.0
12 uM,130.0
12 uM,130.0
12 uM,130.0
12 uM,130.0
12 uM,130.0
12 uM,130.0
12 uM,130.0
12 uM,130.0
12 uM,131.505
12 uM,133.276
12 uM,135.0
12 uM,135.0
12 uM,135.0
12 uM,135.0
12 uM,135.0
12 uM,138.402
12 uM,140.0
12 uM,140.0
12 uM,140.0
12 uM,140.0
12 uM,140.965
12 uM,143.528
12 uM,145.0
12 uM,145.0
12 uM,145.0
12 uM,145.0
12 uM,145.851
12 uM,150.0
12 uM,150.633
12 uM,153.78
12 uM,155.0
12 uM,155.0
12 uM,155.415
12 uM,160.0
12 uM,160.0
12 uM,160.0
12 uM,160.0
12 uM,160.0
12 uM,160.0
12 uM,164.979
12 uM,164.979
12 uM,165.0
12 uM,165.0
12 uM,165.0
12 uM,165.0
12 uM,165.0
12 uM,165.0
12 uM,166.595
12 uM,170.0
12 uM,170.0
12 uM,170.0
12 uM,170.0
12 uM,170.0
12 uM,170.0
12 uM,170.0
12 uM,174.284
12 uM,175.0
12 uM,175.0
12 uM,175.0
12 uM,175.0
12 uM,175.0
12 uM,175.0
12 uM,175.0
12 uM,176.847
12 uM,179.325
12 uM,180.0
12 uM,180.0
12 uM,180.0
12 uM,181.716
12 uM,181.973
12 uM,181.973
12 uM,181.973
12 uM,184.536
12 uM,184.536
12 uM,185.0
12 uM,185.0
12 uM,186.498
12 uM,189.662
12 uM,189.662
12 uM,190.0
12 uM,190.0
12 uM,190.0
12 uM,190.0
12 uM,190.0
12 uM,190.0
12 uM,192.225
12 uM,194.788
12 uM,195.0
12 uM,195.0
12 uM,195.0
12 uM,195.0
12 uM,195.0
12 uM,195.0
12 uM,197.351
12 uM,197.351
12 uM,199.914
12 uM,199.914
12 uM,199.914
12 uM,200.0
12 uM,200.0
12 uM,200.844
12 uM,205.0
12 uM,205.0
12 uM,205.0
12 uM,205.0
12 uM,205.04
12 uM,207.603
12 uM,210.0
12 uM,212.729
12 uM,212.729
12 uM,215.0
12 uM,215.0
12 uM,215.292
12 uM,217.581
12 uM,220.0
12 uM,220.0
12 uM,220.0
12 uM,220.0
12 uM,220.418
12 uM,220.418
12 uM,220.418
12 uM,222.981
12 uM,225.0
12 uM,225.544
12 uM,229.536
12 uM,230.0
12 uM,233.233
12 uM,233.233
12 uM,233.233
12 uM,234.318
12 uM,235.0
12 uM,235.796
12 uM,238.359
12 uM,238.359
12 uM,239.1
12 uM,240.0
12 uM,240.0
12 uM,240.0
12 uM,245.0
12 uM,245.0
12 uM,245.0
12 uM,245.0
12 uM,245.0
12 uM,246.048
12 uM,250.0
12 uM,251.174
12 uM,255.0
12 uM,255.0
12 uM,255.0
12 uM,255.0
12 uM,255.0
12 uM,256.3
12 uM,256.3
12 uM,258.228
12 uM,260.0
12 uM,260.0
12 uM,260.0
12 uM,260.0
12 uM,260.0
12 uM,261.426
12 uM,261.426
12 uM,261.426
12 uM,265.0
12 uM,265.0
12 uM,265.0
12 uM,265.0
12 uM,265.0
12 uM,266.552
12 uM,266.552
12 uM,269.115
12 uM,269.115
12 uM,270.0
12 uM,270.0
12 uM,270.0
12 uM,270.0
12 uM,270.0
12 uM,270.0
12 uM,270.0
12 uM,271.678
12 uM,274.241
12 uM,275.0
12 uM,275.0
12 uM,275.0
12 uM,275.0
12 uM,275.0
12 uM,276.804
12 uM,279.367
12 uM,280.0
12 uM,280.0
12 uM,280.0
12 uM,280.0
12 uM,280.0
12 uM,280.0
12 uM,280.0
12 uM,280.0
12 uM,285.0
12 uM,285.0
12 uM,285.0
12 uM,285.0
12 uM,287.056
12 uM,289.619
12 uM,290.0
12 uM,292.182
12 uM,292.182
12 uM,292.182
12 uM,292.182
12 uM,294.745
12 uM,295.0
12 uM,299.871
12 uM,300.0
12 uM,300.0
12 uM,300.0
12 uM,300.0
12 uM,300.0
12 uM,300.0
12 uM,300.0
12 uM,302.434
12 uM,305.0
12 uM,305.0
12 uM,305.0
12 uM,305.0
12 uM,307.56
12 uM,310.0
12 uM,310.0
12 uM,310.0
12 uM,310.0
12 uM,310.0
12 uM,310.0
12 uM,312.686
12 uM,315.0
12 uM,315.0
12 uM,315.249
12 uM,315.249
12 uM,315.249
12 uM,315.249
12 uM,317.812
12 uM,318.003
12 uM,320.0
12 uM,320.0
12 uM,320.0
12 uM,320.0
12 uM,320.0
12 uM,320.0
12 uM,320.0
12 uM,320.0
12 uM,320.0
12 uM,320.0
12 uM,320.375
12 uM,320.394
12 uM,322.938
12 uM,329.958
12 uM,330.0
12 uM,330.0
12 uM,330.0
12 uM,330.0
12 uM,330.0
12 uM,330.0
12 uM,330.0
12 uM,332.349
12 uM,333.19
12 uM,333.19
12 uM,335.0
12 uM,335.0
12 uM,335.0
12 uM,335.0
12 uM,335.753
12 uM,338.316
12 uM,338.316
12 uM,340.0
12 uM,340.0
12 uM,340.0
12 uM,340.0
12 uM,340.0
12 uM,340.879
12 uM,340.879
12 uM,345.0
12 uM,345.0
12 uM,345.0
12 uM,345.0
12 uM,345.0
12 uM,345.0
12 uM,345.0
12 uM,345.0
12 uM,346.005
12 uM,348.568
12 uM,348.568
12 uM,348.568
12 uM,348.568
12 uM,349.086
12 uM,350.0
12 uM,350.0
12 uM,350.0
12 uM,350.0
12 uM,351.131
12 uM,351.131
12 uM,351.131
12 uM,353.694
12 uM,355.0
12 uM,355.0
12 uM,355.0
12 uM,355.0
12 uM,355.0
12 uM,355.0
12 uM,355.0
12 uM,355.0
12 uM,356.259
12 uM,358.65
12 uM,358.82
12 uM,360.0
12 uM,360.0
12 uM,360.0
12 uM,360.0
12 uM,360.0
12 uM,360.0
12 uM,363.432
12 uM,365.0
12 uM,365.0
12 uM,365.0
12 uM,365.0
12 uM,365.0
12 uM,365.0
12 uM,365.0
12 uM,365.0
12 uM,365.823
12 uM,366.509
12 uM,366.509
12 uM,369.072
12 uM,369.072
12 uM,370.0
12 uM,370.0
12 uM,370.0
12 uM,370.0
12 uM,370.0
12 uM,370.605
12 uM,370.605
12 uM,371.635
12 uM,374.198
12 uM,375.0
12 uM,375.0
12 uM,375.0
12 uM,375.0
12 uM,376.761
12 uM,376.761
12 uM,377.778
12 uM,380.0
12 uM,380.0
12 uM,380.0
12 uM,380.0
12 uM,380.169
12 uM,381.887
12 uM,384.45
12 uM,384.45
12 uM,385.0
12 uM,385.0
12 uM,385.0
12 uM,385.0
12 uM,390.0
12 uM,390.0
12 uM,390.0
12 uM,390.0
12 uM,390.0
12 uM,392.124
12 uM,395.0
12 uM,395.0
12 uM,395.0
12 uM,395.0
12 uM,399.828
12 uM,399.828
12 uM,399.828
12 uM,400.0
12 uM,402.391
12 uM,405.0
12 uM,405.0
12 uM,405.0
12 uM,406.47
12 uM,406.47
12 uM,410.0
12 uM,410.0
12 uM,410.0
12 uM,410.0
12 uM,410.0
12 uM,410.0
12 uM,412.643
12 uM,415.0
12 uM,415.206
12 uM,415.206
12 uM,415.206
12 uM,415.206
12 uM,416.034
12 uM,417.769
12 uM,420.0
12 uM,420.0
12 uM,420.0
12 uM,420.332
12 uM,420.332
12 uM,422.895
12 uM,425.0
12 uM,425.458
12 uM,425.458
12 uM,428.021
12 uM,428.021
12 uM,428.021
12 uM,430.0
12 uM,430.0
12 uM,430.0
12 uM,433.147
12 uM,435.0
12 uM,435.0
12 uM,435.0
12 uM,435.0
12 uM,438.273
12 uM,440.0
12 uM,440.0
12 uM,440.0
12 uM,440.0
12 uM,440.0
12 uM,440.0
12 uM,440.0
12 uM,440.0
12 uM,440.836
12 uM,440.836
12 uM,443.399
12 uM,445.0
12 uM,445.0
12 uM,445.0
12 uM,448.525
12 uM,448.525
12 uM,449.508
12 uM,450.0
12 uM,450.0
12 uM,450.0
12 uM,451.088
12 uM,451.088
12 uM,453.651
12 uM,453.651
12 uM,455.0
12 uM,456.214
12 uM,456.214
12 uM,460.0
12 uM,460.0
12 uM,461.463
12 uM,463.854
12 uM,463.854
12 uM,463.903
12 uM,465.0
12 uM,465.0
12 uM,466.466
12 uM,469.029
12 uM,470.0
12 uM,471.592
12 uM,471.592
12 uM,475.0
12 uM,478.2
12 uM,479.281
12 uM,480.0
12 uM,480.0
12 uM,480.0
12 uM,480.0
12 uM,481.844
12 uM,482.982
12 uM,485.0
12 uM,485.0
12 uM,486.97
12 uM,486.97
12 uM,486.97
12 uM,490.0
12 uM,490.155
12 uM,494.659
12 uM,494.659
12 uM,495.0
12 uM,497.222
12 uM,497.222
12 uM,500.0
12 uM,500.0
12 uM,500.0
12 uM,504.911
12 uM,504.911
12 uM,505.0
12 uM,505.0
12 uM,505.0
12 uM,505.0
12 uM,506.892
12 uM,507.474
12 uM,510.0
12 uM,510.0
12 uM,511.674
12 uM,512.6
12 uM,515.0
12 uM,515.0
12 uM,515.163
12 uM,515.163
12 uM,515.163
12 uM,517.726
12 uM,520.0
12 uM,520.0
12 uM,520.0
12 uM,525.415
12 uM,530.0
12 uM,530.0
12 uM,530.0
12 uM,530.0
12 uM,530.0
12 uM,533.104
12 uM,535.0
12 uM,535.0
12 uM,535.667
12 uM,538.23
12 uM,543.356
12 uM,543.356
12 uM,545.0
12 uM,545.0
12 uM,545.0
12 uM,545.0
12 uM,548.482
12 uM,550.0
12 uM,550.0
12 uM,555.0
12 uM,555.0
12 uM,555.0
12 uM,555.0
12 uM,556.171
12 uM,556.171
12 uM,556.171
12 uM,558.734
12 uM,560.0
12 uM,560.0
12 uM,560.0
12 uM,565.0
12 uM,565.0
12 uM,565.0
12 uM,565.0
12 uM,566.423
12 uM,570.0
12 uM,571.549
12 uM,574.112
12 uM,574.112
12 uM,574.112
12 uM,575.0
12 uM,575.0
12 uM,580.0
12 uM,585.0
12 uM,588.186
12 uM,589.49
12 uM,590.0
12 uM,594.616
12 uM,595.0
12 uM,600.0
12 uM,602.532
12 uM,605.0
12 uM,605.0
12 uM,605.0
12 uM,610.0
12 uM,610.0
12 uM,615.0
12 uM,615.0
12 uM,615.12
12 uM,620.0
12 uM,620.0
12 uM,625.372
12 uM,628.833
12 uM,630.498
12 uM,633.061
12 uM,635.0
12 uM,635.624
12 uM,640.0
12 uM,640.0
12 uM,643.313
12 uM,648.439
12 uM,650.0
12 uM,650.352
12 uM,660.0
12 uM,665.0
12 uM,670.0
12 uM,674.069
12 uM,675.0
12 uM,675.0
12 uM,684.321
12 uM,685.0
12 uM,685.0
12 uM,690.0
12 uM,692.01
12 uM,699.699
12 uM,700.0
12 uM,705.0
12 uM,712.514
12 uM,725.329
12 uM,730.0
12 uM,730.455
12 uM,730.455
12 uM,745.0
12 uM,765.0
12 uM,766.337
12 uM,770.0
12 uM,780.0
12 uM,780.0
12 uM,785.0
12 uM,785.0
12 uM,805.0
12 uM,805.0
12 uM,810.0
12 uM,820.0
12 uM,835.0
12 uM,855.0
12 uM,865.0
12 uM,875.0
12 uM,875.0
12 uM,885.0
12 uM,885.0
12 uM,910.0
12 uM,940.0
12 uM,945.0
12 uM,950.0
12 uM,950.0
12 uM,950.0
12 uM,955.0
12 uM,960.0
12 uM,960.0
12 uM,965.0
12 uM,965.0
12 uM,980.0
12 uM,1002.133
12 uM,1055.0
12 uM,1095.0
12 uM,1165.0
12 uM,1230.0
12 uM,1240.0
12 uM,1285.0
12 uM,1320.0
12 uM,1335.0
12 uM,1485.0
12 uM,1505.0
12 uM,1520.0
12 uM,1785.0
14 uM,60.0
14 uM,75.0
14 uM,75.0
14 uM,85.0
14 uM,115.0
14 uM,115.0
14 uM,135.0
14 uM,140.0
14 uM,145.0
14 uM,150.0
14 uM,155.0
14 uM,165.0
14 uM,180.0
14 uM,190.0
14 uM,210.0
14 uM,210.0
14 uM,215.0
14 uM,220.0
14 uM,225.0
14 uM,235.0
14 uM,235.0
14 uM,240.0
14 uM,240.0
14 uM,245.0
14 uM,260.0
14 uM,260.0
14 uM,265.0
14 uM,265.0
14 uM,265.0
14 uM,275.0
14 uM,275.0
14 uM,275.0
14 uM,280.0
14 uM,280.0
14 uM,280.0
14 uM,280.0
14 uM,290.0
14 uM,295.0
14 uM,295.0
14 uM,300.0
14 uM,310.0
14 uM,310.0
14 uM,315.0
14 uM,320.0
14 uM,325.0
14 uM,325.0
14 uM,325.0
14 uM,325.0
14 uM,325.0
14 uM,330.0
14 uM,330.0
14 uM,335.0
14 uM,345.0
14 uM,345.0
14 uM,345.0
14 uM,355.0
14 uM,355.0
14 uM,365.0
14 uM,365.0
14 uM,365.0
14 uM,370.0
14 uM,370.0
14 uM,385.0
14 uM,385.0
14 uM,395.0
14 uM,405.0
14 uM,410.0
14 uM,415.0
14 uM,425.0
14 uM,430.0
14 uM,435.0
14 uM,435.0
14 uM,435.0
14 uM,435.0
14 uM,440.0
14 uM,445.0
14 uM,445.0
14 uM,450.0
14 uM,450.0
14 uM,450.0
14 uM,455.0
14 uM,460.0
14 uM,460.0
14 uM,465.0
14 uM,465.0
14 uM,470.0
14 uM,470.0
14 uM,470.0
14 uM,480.0
14 uM,490.0
14 uM,500.0
14 uM,505.0
14 uM,505.0
14 uM,515.0
14 uM,525.0
14 uM,525.0
14 uM,545.0
14 uM,545.0
14 uM,555.0
14 uM,560.0
14 uM,570.0
14 uM,570.0
14 uM,585.0
14 uM,590.0
14 uM,590.0
14 uM,615.0
14 uM,625.0
14 uM,630.0
14 uM,640.0
14 uM,640.0
14 uM,650.0
14 uM,655.0
14 uM,680.0
14 uM,685.0
14 uM,685.0
14 uM,690.0
14 uM,695.0
14 uM,695.0
14 uM,705.0
14 uM,730.0
14 uM,755.0
14 uM,760.0
14 uM,765.0
14 uM,770.0
14 uM,770.0
14 uM,790.0
14 uM,795.0
14 uM,795.0
14 uM,820.0
14 uM,830.0
14 uM,840.0
14 uM,850.0
14 uM,875.0
14 uM,890.0
14 uM,975.0
14 uM,1000.0
14 uM,1005.0
14 uM,1135.0
14 uM,1305.0
14 uM,1400.0
14 uM,1420.0
